[
    {
        "id": 1,
        "name": "Leanne Graham",
        "bio": "sunt aut facere repellat provident occaecati excepturi optio reprehenderit",
        "picture": "https://images.unsplash.com/photo-1494790108377-be9c29b29330?ixlib=rb-4.0.3&ixid=M3wxMjA3fDB8MHxwaG90by1wYWdlfHx8fGVufDB8fHx8fA%3D%3D&auto=format&fit=crop&w=2787&q=80",
        "email": "leanne@gmail.com",
        "password": "SincEr#23",
        "followers": 295
    },
    {
        "id": 2,
        "name": "Ervin Howell",
        "bio": "qui est esse",
        "picture": "https://images.unsplash.com/photo-1633332755192-727a05c4013d?ixlib=rb-4.0.3&ixid=M3wxMjA3fDB8MHxwaG90by1wYWdlfHx8fGVufDB8fHx8fA%3D%3D&auto=format&fit=crop&w=2960&q=80",
        "email": "ervin@gmail.com",
        "password": "#RvinH0Well",
        "followers": 132
    },
    {
        "id": 3,
        "name": "Clementine Bauch",
        "bio": "ea molestias quasi exercitationem repellat qui ipsa sit aut",
        "picture": "https://images.unsplash.com/photo-1535713875002-d1d0cf377fde?ixlib=rb-4.0.3&ixid=M3wxMjA3fDB8MHxwaG90by1wYWdlfHx8fGVufDB8fHx8fA%3D%3D&auto=format&fit=crop&w=1180&q=80",
        "email": "clementine@gmail.com",
        "password": "Clementine1@2",
        "followers": 543
    },
    {
        "id": 4,
        "name": "Patricia Lebsack",
        "bio": "voluptate et itaque vero tempora molestiae",
        "picture": "https://images.unsplash.com/photo-1438761681033-6461ffad8d80?ixlib=rb-4.0.3&ixid=M3wxMjA3fDB8MHxwaG90by1wYWdlfHx8fGVufDB8fHx8fA%3D%3D&auto=format&fit=crop&w=2070&q=80",
        "email": "Patricia@gmail.com",
        "password": "Patricia1@2",
        "followers": 56
    },
    {
        "id": 5,
        "name": "Chelsey Dietrich",
        "bio": "eum et est occaecati",
        "picture": "https://images.unsplash.com/photo-1508214751196-bcfd4ca60f91?ixlib=rb-4.0.3&ixid=M3wxMjA3fDB8MHxwaG90by1wYWdlfHx8fGVufDB8fHx8fA%3D%3D&auto=format&fit=crop&w=2070&q=80",
        "email": "Chelsey@gmail.com",
        "password": "Chelsey1@2",
        "followers": 98
    },
    {
        "id": 6,
        "name": "Dennis Schulist",
        "bio": "nesciunt quas odio",
        "picture": "https://images.unsplash.com/flagged/photo-1573740144655-bbb6e88fb18a?ixlib=rb-4.0.3&ixid=M3wxMjA3fDB8MHxwaG90by1wYWdlfHx8fGVufDB8fHx8fA%3D%3D&auto=format&fit=crop&w=1035&q=80",
        "email": "Dennis@gmail.com",
        "password": "Dennis1@2",
        "followers": 112
    },
    {
        "id": 7,
        "name": "Kurtis Weissnat",
        "bio": "dolorem eum magni eos aperiam quia",
        "picture": "https://images.unsplash.com/photo-1519085360753-af0119f7cbe7?ixlib=rb-4.0.3&ixid=M3wxMjA3fDB8MHxwaG90by1wYWdlfHx8fGVufDB8fHx8fA%3D%3D&auto=format&fit=crop&w=774&q=80",
        "email": "Kurtis@gmail.com",
        "password": "Kurtis1@2",
        "followers": 5676
    },
    {
        "id": 8,
        "name": "Nicholas Runolfsdottir V",
        "bio": "magnam facilis autem",
        "picture": "https://images.unsplash.com/photo-1560250097-0b93528c311a?ixlib=rb-4.0.3&ixid=M3wxMjA3fDB8MHxwaG90by1wYWdlfHx8fGVufDB8fHx8fA%3D%3D&auto=format&fit=crop&w=774&q=80",
        "email": "Nicholas@gmail.com",
        "password": "Nicholas1@2",
        "followers": 2111
    },
    {
        "id": 9,
        "name": "Glenna Reichert",
        "bio": "nesciunt iure omnis dolorem tempora et accusantium",
        "picture": "https://images.unsplash.com/photo-1546961329-78bef0414d7c?ixlib=rb-4.0.3&ixid=M3wxMjA3fDB8MHxwaG90by1wYWdlfHx8fGVufDB8fHx8fA%3D%3D&auto=format&fit=crop&w=774&q=80",
        "email": "Glenna@gmail.com",
        "password": "Glenna1@2",
        "followers": 987
    },
    {
        "id": 10,
        "name": "Clementina DuBuque",
        "bio": "et ea vero quia laudantium autem",
        "picture": "https://images.unsplash.com/photo-1573497019940-1c28c88b4f3e?ixlib=rb-4.0.3&ixid=M3wxMjA3fDB8MHxwaG90by1wYWdlfHx8fGVufDB8fHx8fA%3D%3D&auto=format&fit=crop&w=774&q=80",
        "email": "Clementina@gmail.com",
        "password": "Clementina1@2",
        "followers": 1321
    }
]